{
  "lang":"en",
  "name":"pipeline",
  "version":"0.0.0",
  "spacy_version":">=3.7.4,<3.8.0",
  "description":"",
  "author":"",
  "email":"",
  "url":"",
  "license":"",
  "spacy_git_version":"bff8725f4",
  "vectors":{
    "width":300,
    "vectors":514157,
    "keys":514157,
    "name":"en_vectors",
    "mode":"default"
  },
  "labels":{
    "tok2vec":[

    ],
    "ner":[
      "B-0RG",
      "B-AUTH",
      "B-DUR",
      "B-HEAD",
      "B-NAME",
      "B-ORG",
      "B-TITLE",
      "I-AUTH",
      "I-DUR",
      "I-HEAD",
      "I-NAE",
      "I-NAME",
      "I-ORG",
      "I-TITLE",
      "NAN"
    ]
  },
  "pipeline":[
    "tok2vec",
    "ner"
  ],
  "components":[
    "tok2vec",
    "ner"
  ],
  "disabled":[

  ],
  "performance":{
    "ents_f":0.9820813772,
    "ents_p":0.9756685323,
    "ents_r":0.98857908,
    "ents_per_type":{
      "B-NAME":{
        "p":0.9915254237,
        "r":0.9915254237,
        "f":0.9915254237
      },
      "I-NAME":{
        "p":0.9944751381,
        "r":0.9972299169,
        "f":0.9958506224
      },
      "B-TITLE":{
        "p":0.9933774834,
        "r":0.9933774834,
        "f":0.9933774834
      },
      "I-TITLE":{
        "p":0.9749216301,
        "r":0.9967948718,
        "f":0.9857369255
      },
      "B-ORG":{
        "p":0.9963099631,
        "r":0.9854014599,
        "f":0.9908256881
      },
      "I-ORG":{
        "p":0.9962264151,
        "r":0.9887640449,
        "f":0.992481203
      },
      "B-DUR":{
        "p":0.9798657718,
        "r":0.9798657718,
        "f":0.9798657718
      },
      "I-DUR":{
        "p":0.9941520468,
        "r":0.9970674487,
        "f":0.9956076135
      },
      "NAN":{
        "p":0.9699169033,
        "r":0.9870477414,
        "f":0.9784073426
      },
      "B-AUTH":{
        "p":1.0,
        "r":0.9913043478,
        "f":0.9956331878
      },
      "I-AUTH":{
        "p":0.9950372208,
        "r":1.0,
        "f":0.9975124378
      },
      "B-HEAD":{
        "p":1.0,
        "r":1.0,
        "f":1.0
      },
      "I-HEAD":{
        "p":0.9789473684,
        "r":0.96875,
        "f":0.9738219895
      },
      "I-NAE":{
        "p":1.0,
        "r":1.0,
        "f":1.0
      },
      "B-0RG":{
        "p":1.0,
        "r":1.0,
        "f":1.0
      }
    },
    "tok2vec_loss":360.187628315,
    "ner_loss":2613.0079719619
  }
}